{"cameraMode":{"drawMode":0,"name":"Shaded","section":"Shading Mode"},"sceneLighting":false,"audioPlay":false,"sceneViewState":{"m_AlwaysRefresh":false,"showFog":true,"showSkybox":false,"showFlares":true,"showImageEffects":true,"showParticleSystems":true,"showVisualEffectGraphs":true,"m_FxEnabled":true},"in2DMode":false,"pivot":{"x":0.2659780979156494,"y":0.3184106647968292,"z":0.36254721879959109},"rotation":{"x":0.08604574203491211,"y":0.7758772373199463,"z":-0.1083812490105629,"w":0.6155848503112793},"size":0.8660253882408142,"orthographic":false}