{"cameraMode":{"drawMode":0,"name":"Shaded","section":"Shading Mode"},"sceneLighting":false,"audioPlay":false,"sceneViewState":{"m_AlwaysRefresh":false,"showFog":true,"showSkybox":false,"showFlares":true,"showImageEffects":true,"showParticleSystems":true,"showVisualEffectGraphs":true,"m_FxEnabled":true},"in2DMode":false,"pivot":{"x":-0.2136000692844391,"y":0.02041424810886383,"z":0.7388153076171875},"rotation":{"x":0.0007137584616430104,"y":0.9993502497673035,"z":-0.014981867745518685,"w":0.035315874963998798},"size":0.5161242485046387,"orthographic":false}