{"cameraMode":{"drawMode":0,"name":"Shaded","section":"Shading Mode"},"sceneLighting":true,"audioPlay":false,"sceneViewState":{"m_AlwaysRefresh":false,"showFog":true,"showSkybox":false,"showFlares":true,"showImageEffects":true,"showParticleSystems":true,"showVisualEffectGraphs":true,"m_FxEnabled":true},"in2DMode":false,"pivot":{"x":10.81401538848877,"y":1.0460541248321534,"z":7.586858749389648},"rotation":{"x":0.023666858673095704,"y":0.43837741017341616,"z":-0.0115200811997056,"w":0.8984327912330627},"size":7.738235950469971,"orthographic":false}