{"cameraMode":{"drawMode":0,"name":"Shaded","section":"Shading Mode"},"sceneLighting":false,"audioPlay":false,"sceneViewState":{"m_AlwaysRefresh":false,"showFog":true,"showSkybox":false,"showFlares":true,"showImageEffects":true,"showParticleSystems":true,"showVisualEffectGraphs":true,"m_FxEnabled":true},"in2DMode":false,"pivot":{"x":1.0353102684020997,"y":2.823072910308838,"z":11.684062004089356},"rotation":{"x":0.012402893044054509,"y":-0.9851087331771851,"z":0.08078671246767044,"w":0.15133213996887208},"size":2.622514009475708,"orthographic":false}