{"cameraMode":{"drawMode":0,"name":"Shaded","section":"Shading Mode"},"sceneLighting":false,"audioPlay":false,"sceneViewState":{"m_AlwaysRefresh":false,"showFog":true,"showSkybox":false,"showFlares":true,"showImageEffects":true,"showParticleSystems":true,"showVisualEffectGraphs":true,"m_FxEnabled":true},"in2DMode":false,"pivot":{"x":0.10198602080345154,"y":0.16994012892246247,"z":-0.38190317153930666},"rotation":{"x":0.03878457471728325,"y":0.9362987875938416,"z":-0.1093941405415535,"w":0.33161234855651858},"size":0.9407495856285095,"orthographic":false}